[
  
  {
    "id": "3171",
    "province_id": "31",
    "name": "KOTA JAKARTA SELATAN",
    "alt_name": "KOTA JAKARTA SELATAN",
    "latitude": -6.266,
    "longitude": 106.8135
  },
  {
    "id": "3172",
    "province_id": "31",
    "name": "KOTA JAKARTA TIMUR",
    "alt_name": "KOTA JAKARTA TIMUR",
    "latitude": -6.2521,
    "longitude": 106.884
  },
  {
    "id": "3173",
    "province_id": "31",
    "name": "KOTA JAKARTA PUSAT",
    "alt_name": "KOTA JAKARTA PUSAT",
    "latitude": -6.1777,
    "longitude": 106.8403
  },
  {
    "id": "3174",
    "province_id": "31",
    "name": "KOTA JAKARTA BARAT",
    "alt_name": "KOTA JAKARTA BARAT",
    "latitude": -6.1676,
    "longitude": 106.7673
  },
  {
    "id": "3175",
    "province_id": "31",
    "name": "KOTA JAKARTA UTARA",
    "alt_name": "KOTA JAKARTA UTARA",
    "latitude": -6.1339,
    "longitude": 106.8823
  },
  {
    "id": "3201",
    "province_id": "32",
    "name": "KABUPATEN BOGOR",
    "alt_name": "KABUPATEN BOGOR",
    "latitude": -6.58333,
    "longitude": 106.71667
  },
  {
    "id": "3202",
    "province_id": "32",
    "name": "KABUPATEN SUKABUMI",
    "alt_name": "KABUPATEN SUKABUMI",
    "latitude": -7.06667,
    "longitude": 106.7
  },
  {
    "id": "3203",
    "province_id": "32",
    "name": "KABUPATEN CIANJUR",
    "alt_name": "KABUPATEN CIANJUR",
    "latitude": -6.7725,
    "longitude": 107.08306
  },
  {
    "id": "3204",
    "province_id": "32",
    "name": "KABUPATEN BANDUNG",
    "alt_name": "KABUPATEN BANDUNG",
    "latitude": -7.1,
    "longitude": 107.6
  },
  {
    "id": "3205",
    "province_id": "32",
    "name": "KABUPATEN GARUT",
    "alt_name": "KABUPATEN GARUT",
    "latitude": -7.38333,
    "longitude": 107.76667
  },
  {
    "id": "3206",
    "province_id": "32",
    "name": "KABUPATEN TASIKMALAYA",
    "alt_name": "KABUPATEN TASIKMALAYA",
    "latitude": -7.5,
    "longitude": 108.13333
  },
  {
    "id": "3207",
    "province_id": "32",
    "name": "KABUPATEN CIAMIS",
    "alt_name": "KABUPATEN CIAMIS",
    "latitude": -7.28333,
    "longitude": 108.41667
  },
  {
    "id": "3208",
    "province_id": "32",
    "name": "KABUPATEN KUNINGAN",
    "alt_name": "KABUPATEN KUNINGAN",
    "latitude": -7,
    "longitude": 108.55
  },
  {
    "id": "3209",
    "province_id": "32",
    "name": "KABUPATEN CIREBON",
    "alt_name": "KABUPATEN CIREBON",
    "latitude": -6.8,
    "longitude": 108.56667
  },
  {
    "id": "3210",
    "province_id": "32",
    "name": "KABUPATEN MAJALENGKA",
    "alt_name": "KABUPATEN MAJALENGKA",
    "latitude": -6.81667,
    "longitude": 108.28333
  },
  {
    "id": "3211",
    "province_id": "32",
    "name": "KABUPATEN SUMEDANG",
    "alt_name": "KABUPATEN SUMEDANG",
    "latitude": -6.81667,
    "longitude": 107.98333
  },
  {
    "id": "3212",
    "province_id": "32",
    "name": "KABUPATEN INDRAMAYU",
    "alt_name": "KABUPATEN INDRAMAYU",
    "latitude": -6.45,
    "longitude": 108.16667
  },
  {
    "id": "3213",
    "province_id": "32",
    "name": "KABUPATEN SUBANG",
    "alt_name": "KABUPATEN SUBANG",
    "latitude": -6.50833,
    "longitude": 107.7025
  },
  {
    "id": "3214",
    "province_id": "32",
    "name": "KABUPATEN PURWAKARTA",
    "alt_name": "KABUPATEN PURWAKARTA",
    "latitude": -6.58333,
    "longitude": 107.45
  },
  {
    "id": "3215",
    "province_id": "32",
    "name": "KABUPATEN KARAWANG",
    "alt_name": "KABUPATEN KARAWANG",
    "latitude": -6.26667,
    "longitude": 107.41667
  },
  {
    "id": "3216",
    "province_id": "32",
    "name": "KABUPATEN BEKASI",
    "alt_name": "KABUPATEN BEKASI",
    "latitude": -6.24667,
    "longitude": 107.10833
  },
  {
    "id": "3217",
    "province_id": "32",
    "name": "KABUPATEN BANDUNG BARAT",
    "alt_name": "KABUPATEN BANDUNG BARAT",
    "latitude": -6.83333,
    "longitude": 107.48333
  },
  {
    "id": "3218",
    "province_id": "32",
    "name": "KABUPATEN PANGANDARAN",
    "alt_name": "KABUPATEN PANGANDARAN",
    "latitude": -7.6673,
    "longitude": 108.64037
  },
  {
    "id": "3271",
    "province_id": "32",
    "name": "KOTA BOGOR",
    "alt_name": "KOTA BOGOR",
    "latitude": -6.59167,
    "longitude": 106.8
  },
  {
    "id": "3272",
    "province_id": "32",
    "name": "KOTA SUKABUMI",
    "alt_name": "KOTA SUKABUMI",
    "latitude": -6.95,
    "longitude": 106.93333
  },
  {
    "id": "3273",
    "province_id": "32",
    "name": "KOTA BANDUNG",
    "alt_name": "KOTA BANDUNG",
    "latitude": -6.9175,
    "longitude": 107.62444
  },
  {
    "id": "3274",
    "province_id": "32",
    "name": "KOTA CIREBON",
    "alt_name": "KOTA CIREBON",
    "latitude": -6.75,
    "longitude": 108.55
  },
  {
    "id": "3275",
    "province_id": "32",
    "name": "KOTA BEKASI",
    "alt_name": "KOTA BEKASI",
    "latitude": -6.28333,
    "longitude": 106.98333
  },
  {
    "id": "3276",
    "province_id": "32",
    "name": "KOTA DEPOK",
    "alt_name": "KOTA DEPOK",
    "latitude": -6.4,
    "longitude": 106.81667
  },
  {
    "id": "3277",
    "province_id": "32",
    "name": "KOTA CIMAHI",
    "alt_name": "KOTA CIMAHI",
    "latitude": -6.89167,
    "longitude": 107.55
  },
  {
    "id": "3278",
    "province_id": "32",
    "name": "KOTA TASIKMALAYA",
    "alt_name": "KOTA TASIKMALAYA",
    "latitude": -7.35,
    "longitude": 108.21667
  },
  {
    "id": "3279",
    "province_id": "32",
    "name": "KOTA BANJAR",
    "alt_name": "KOTA BANJAR",
    "latitude": -7.36996,
    "longitude": 108.53209
  },
  {
    "id": "3301",
    "province_id": "33",
    "name": "KABUPATEN CILACAP",
    "alt_name": "KABUPATEN CILACAP",
    "latitude": -7.57417,
    "longitude": 108.98861
  },
  {
    "id": "3302",
    "province_id": "33",
    "name": "KABUPATEN BANYUMAS",
    "alt_name": "KABUPATEN BANYUMAS",
    "latitude": -7.45,
    "longitude": 109.16667
  },
  {
    "id": "3303",
    "province_id": "33",
    "name": "KABUPATEN PURBALINGGA",
    "alt_name": "KABUPATEN PURBALINGGA",
    "latitude": -7.28417,
    "longitude": 109.35028
  },
  {
    "id": "3304",
    "province_id": "33",
    "name": "KABUPATEN BANJARNEGARA",
    "alt_name": "KABUPATEN BANJARNEGARA",
    "latitude": -7.35111,
    "longitude": 109.5875
  },
  {
    "id": "3305",
    "province_id": "33",
    "name": "KABUPATEN KEBUMEN",
    "alt_name": "KABUPATEN KEBUMEN",
    "latitude": -7.63917,
    "longitude": 109.66056
  },
  {
    "id": "3306",
    "province_id": "33",
    "name": "KABUPATEN PURWOREJO",
    "alt_name": "KABUPATEN PURWOREJO",
    "latitude": -7.7,
    "longitude": 109.96667
  },
  {
    "id": "3307",
    "province_id": "33",
    "name": "KABUPATEN WONOSOBO",
    "alt_name": "KABUPATEN WONOSOBO",
    "latitude": -7.36139,
    "longitude": 109.92667
  },
  {
    "id": "3308",
    "province_id": "33",
    "name": "KABUPATEN MAGELANG",
    "alt_name": "KABUPATEN MAGELANG",
    "latitude": -7.4275,
    "longitude": 110.16194
  },
  {
    "id": "3309",
    "province_id": "33",
    "name": "KABUPATEN BOYOLALI",
    "alt_name": "KABUPATEN BOYOLALI",
    "latitude": -7.5,
    "longitude": 110.7
  },
  {
    "id": "3310",
    "province_id": "33",
    "name": "KABUPATEN KLATEN",
    "alt_name": "KABUPATEN KLATEN",
    "latitude": -7.68333,
    "longitude": 110.61667
  },
  {
    "id": "3311",
    "province_id": "33",
    "name": "KABUPATEN SUKOHARJO",
    "alt_name": "KABUPATEN SUKOHARJO",
    "latitude": -7.68333,
    "longitude": 110.83333
  },
  {
    "id": "3312",
    "province_id": "33",
    "name": "KABUPATEN WONOGIRI",
    "alt_name": "KABUPATEN WONOGIRI",
    "latitude": -7.91667,
    "longitude": 111
  },
  {
    "id": "3313",
    "province_id": "33",
    "name": "KABUPATEN KARANGANYAR",
    "alt_name": "KABUPATEN KARANGANYAR",
    "latitude": -7.62806,
    "longitude": 111.0625
  },
  {
    "id": "3314",
    "province_id": "33",
    "name": "KABUPATEN SRAGEN",
    "alt_name": "KABUPATEN SRAGEN",
    "latitude": -7.41278,
    "longitude": 110.935
  },
  {
    "id": "3315",
    "province_id": "33",
    "name": "KABUPATEN GROBOGAN",
    "alt_name": "KABUPATEN GROBOGAN",
    "latitude": -7.11667,
    "longitude": 110.91667
  },
  {
    "id": "3316",
    "province_id": "33",
    "name": "KABUPATEN BLORA",
    "alt_name": "KABUPATEN BLORA",
    "latitude": -7.06667,
    "longitude": 111.38333
  },
  {
    "id": "3317",
    "province_id": "33",
    "name": "KABUPATEN REMBANG",
    "alt_name": "KABUPATEN REMBANG",
    "latitude": -6.78333,
    "longitude": 111.46667
  },
  {
    "id": "3318",
    "province_id": "33",
    "name": "KABUPATEN PATI",
    "alt_name": "KABUPATEN PATI",
    "latitude": -6.76667,
    "longitude": 111.1
  },
  {
    "id": "3319",
    "province_id": "33",
    "name": "KABUPATEN KUDUS",
    "alt_name": "KABUPATEN KUDUS",
    "latitude": -6.8,
    "longitude": 110.86667
  },
  {
    "id": "3320",
    "province_id": "33",
    "name": "KABUPATEN JEPARA",
    "alt_name": "KABUPATEN JEPARA",
    "latitude": -6.58333,
    "longitude": 110.76667
  },
  {
    "id": "3321",
    "province_id": "33",
    "name": "KABUPATEN DEMAK",
    "alt_name": "KABUPATEN DEMAK",
    "latitude": -6.8993,
    "longitude": 110.6122
  },
  {
    "id": "3322",
    "province_id": "33",
    "name": "KABUPATEN SEMARANG",
    "alt_name": "KABUPATEN SEMARANG",
    "latitude": -7.20667,
    "longitude": 110.44139
  },
  {
    "id": "3323",
    "province_id": "33",
    "name": "KABUPATEN TEMANGGUNG",
    "alt_name": "KABUPATEN TEMANGGUNG",
    "latitude": -7.25,
    "longitude": 110.11667
  },
  {
    "id": "3324",
    "province_id": "33",
    "name": "KABUPATEN KENDAL",
    "alt_name": "KABUPATEN KENDAL",
    "latitude": -7.0256,
    "longitude": 110.1685
  },
  {
    "id": "3325",
    "province_id": "33",
    "name": "KABUPATEN BATANG",
    "alt_name": "KABUPATEN BATANG",
    "latitude": -7.03333,
    "longitude": 109.88333
  },
  {
    "id": "3326",
    "province_id": "33",
    "name": "KABUPATEN PEKALONGAN",
    "alt_name": "KABUPATEN PEKALONGAN",
    "latitude": -7.0319,
    "longitude": 109.624
  },
  {
    "id": "3327",
    "province_id": "33",
    "name": "KABUPATEN PEMALANG",
    "alt_name": "KABUPATEN PEMALANG",
    "latitude": -7.03333,
    "longitude": 109.4
  },
  {
    "id": "3328",
    "province_id": "33",
    "name": "KABUPATEN TEGAL",
    "alt_name": "KABUPATEN TEGAL",
    "latitude": -7.03333,
    "longitude": 109.16667
  },
  {
    "id": "3329",
    "province_id": "33",
    "name": "KABUPATEN BREBES",
    "alt_name": "KABUPATEN BREBES",
    "latitude": -7.05,
    "longitude": 108.9
  },
  {
    "id": "3371",
    "province_id": "33",
    "name": "KOTA MAGELANG",
    "alt_name": "KOTA MAGELANG",
    "latitude": -7.5,
    "longitude": 110.225
  },
  {
    "id": "3372",
    "province_id": "33",
    "name": "KOTA SURAKARTA",
    "alt_name": "KOTA SURAKARTA",
    "latitude": -7.55,
    "longitude": 110.81667
  },
  {
    "id": "3373",
    "province_id": "33",
    "name": "KOTA SALATIGA",
    "alt_name": "KOTA SALATIGA",
    "latitude": -7.33278,
    "longitude": 110.48333
  },
  {
    "id": "3374",
    "province_id": "33",
    "name": "KOTA SEMARANG",
    "alt_name": "KOTA SEMARANG",
    "latitude": -7.03333,
    "longitude": 110.38333
  },
  {
    "id": "3375",
    "province_id": "33",
    "name": "KOTA PEKALONGAN",
    "alt_name": "KOTA PEKALONGAN",
    "latitude": -6.9,
    "longitude": 109.68333
  },
  {
    "id": "3376",
    "province_id": "33",
    "name": "KOTA TEGAL",
    "alt_name": "KOTA TEGAL",
    "latitude": -6.8686,
    "longitude": 109.1129
  },
  {
    "id": "3401",
    "province_id": "34",
    "name": "KABUPATEN KULON PROGO",
    "alt_name": "KABUPATEN KULON PROGO",
    "latitude": -7.645,
    "longitude": 110.02694
  },
  {
    "id": "3402",
    "province_id": "34",
    "name": "KABUPATEN BANTUL",
    "alt_name": "KABUPATEN BANTUL",
    "latitude": -7.9,
    "longitude": 110.36667
  },
  {
    "id": "3403",
    "province_id": "34",
    "name": "KABUPATEN GUNUNG KIDUL",
    "alt_name": "KABUPATEN GUNUNG KIDUL",
    "latitude": -7.98333,
    "longitude": 110.61667
  },
  {
    "id": "3404",
    "province_id": "34",
    "name": "KABUPATEN SLEMAN",
    "alt_name": "KABUPATEN SLEMAN",
    "latitude": -7.68167,
    "longitude": 110.32333
  },
  {
    "id": "3471",
    "province_id": "34",
    "name": "KOTA YOGYAKARTA",
    "alt_name": "KOTA YOGYAKARTA",
    "latitude": -7.8,
    "longitude": 110.375
  },
  {
    "id": "3501",
    "province_id": "35",
    "name": "KABUPATEN PACITAN",
    "alt_name": "KABUPATEN PACITAN",
    "latitude": -8.13333,
    "longitude": 111.16667
  },
  {
    "id": "3502",
    "province_id": "35",
    "name": "KABUPATEN PONOROGO",
    "alt_name": "KABUPATEN PONOROGO",
    "latitude": -7.93333,
    "longitude": 111.5
  },
  {
    "id": "3503",
    "province_id": "35",
    "name": "KABUPATEN TRENGGALEK",
    "alt_name": "KABUPATEN TRENGGALEK",
    "latitude": -8.16667,
    "longitude": 111.61667
  },
  {
    "id": "3504",
    "province_id": "35",
    "name": "KABUPATEN TULUNGAGUNG",
    "alt_name": "KABUPATEN TULUNGAGUNG",
    "latitude": -8.11667,
    "longitude": 111.91667
  },
  {
    "id": "3505",
    "province_id": "35",
    "name": "KABUPATEN BLITAR",
    "alt_name": "KABUPATEN BLITAR",
    "latitude": -8.13333,
    "longitude": 112.25
  },
  {
    "id": "3506",
    "province_id": "35",
    "name": "KABUPATEN KEDIRI",
    "alt_name": "KABUPATEN KEDIRI",
    "latitude": -7.83333,
    "longitude": 112.16667
  },
  {
    "id": "3507",
    "province_id": "35",
    "name": "KABUPATEN MALANG",
    "alt_name": "KABUPATEN MALANG",
    "latitude": -8.16667,
    "longitude": 112.66667
  },
  {
    "id": "3508",
    "province_id": "35",
    "name": "KABUPATEN LUMAJANG",
    "alt_name": "KABUPATEN LUMAJANG",
    "latitude": -8.11667,
    "longitude": 113.15
  },
  {
    "id": "3509",
    "province_id": "35",
    "name": "KABUPATEN JEMBER",
    "alt_name": "KABUPATEN JEMBER",
    "latitude": -8.25,
    "longitude": 113.65
  },
  {
    "id": "3510",
    "province_id": "35",
    "name": "KABUPATEN BANYUWANGI",
    "alt_name": "KABUPATEN BANYUWANGI",
    "latitude": -8.33333,
    "longitude": 114.2
  },
  {
    "id": "3511",
    "province_id": "35",
    "name": "KABUPATEN BONDOWOSO",
    "alt_name": "KABUPATEN BONDOWOSO",
    "latitude": -7.9404,
    "longitude": 113.9834
  },
  {
    "id": "3512",
    "province_id": "35",
    "name": "KABUPATEN SITUBONDO",
    "alt_name": "KABUPATEN SITUBONDO",
    "latitude": -7.71667,
    "longitude": 114.05
  },
  {
    "id": "3513",
    "province_id": "35",
    "name": "KABUPATEN PROBOLINGGO",
    "alt_name": "KABUPATEN PROBOLINGGO",
    "latitude": -7.86667,
    "longitude": 113.31667
  },
  {
    "id": "3514",
    "province_id": "35",
    "name": "KABUPATEN PASURUAN",
    "alt_name": "KABUPATEN PASURUAN",
    "latitude": -7.73333,
    "longitude": 112.83333
  },
  {
    "id": "3515",
    "province_id": "35",
    "name": "KABUPATEN SIDOARJO",
    "alt_name": "KABUPATEN SIDOARJO",
    "latitude": -7.45,
    "longitude": 112.7
  },
  {
    "id": "3516",
    "province_id": "35",
    "name": "KABUPATEN MOJOKERTO",
    "alt_name": "KABUPATEN MOJOKERTO",
    "latitude": -7.55,
    "longitude": 112.5
  },
  {
    "id": "3517",
    "province_id": "35",
    "name": "KABUPATEN JOMBANG",
    "alt_name": "KABUPATEN JOMBANG",
    "latitude": -7.55,
    "longitude": 112.25
  },
  {
    "id": "3518",
    "province_id": "35",
    "name": "KABUPATEN NGANJUK",
    "alt_name": "KABUPATEN NGANJUK",
    "latitude": -7.6,
    "longitude": 111.93333
  },
  {
    "id": "3519",
    "province_id": "35",
    "name": "KABUPATEN MADIUN",
    "alt_name": "KABUPATEN MADIUN",
    "latitude": -7.61667,
    "longitude": 111.65
  },
  {
    "id": "3520",
    "province_id": "35",
    "name": "KABUPATEN MAGETAN",
    "alt_name": "KABUPATEN MAGETAN",
    "latitude": -7.64472,
    "longitude": 111.35917
  },
  {
    "id": "3521",
    "province_id": "35",
    "name": "KABUPATEN NGAWI",
    "alt_name": "KABUPATEN NGAWI",
    "latitude": -7.47444,
    "longitude": 111.33444
  },
  {
    "id": "3522",
    "province_id": "35",
    "name": "KABUPATEN BOJONEGORO",
    "alt_name": "KABUPATEN BOJONEGORO",
    "latitude": -7.25,
    "longitude": 111.8
  },
  {
    "id": "3523",
    "province_id": "35",
    "name": "KABUPATEN TUBAN",
    "alt_name": "KABUPATEN TUBAN",
    "latitude": -6.96667,
    "longitude": 111.9
  },
  {
    "id": "3524",
    "province_id": "35",
    "name": "KABUPATEN LAMONGAN",
    "alt_name": "KABUPATEN LAMONGAN",
    "latitude": -7.13333,
    "longitude": 112.31667
  },
  {
    "id": "3525",
    "province_id": "35",
    "name": "KABUPATEN GRESIK",
    "alt_name": "KABUPATEN GRESIK",
    "latitude": -7.1933,
    "longitude": 112.553
  },
  {
    "id": "3526",
    "province_id": "35",
    "name": "KABUPATEN BANGKALAN",
    "alt_name": "KABUPATEN BANGKALAN",
    "latitude": -7.05,
    "longitude": 112.93333
  },
  {
    "id": "3527",
    "province_id": "35",
    "name": "KABUPATEN SAMPANG",
    "alt_name": "KABUPATEN SAMPANG",
    "latitude": -7.05,
    "longitude": 113.25
  },
  {
    "id": "3528",
    "province_id": "35",
    "name": "KABUPATEN PAMEKASAN",
    "alt_name": "KABUPATEN PAMEKASAN",
    "latitude": -7.06667,
    "longitude": 113.5
  },
  {
    "id": "3529",
    "province_id": "35",
    "name": "KABUPATEN SUMENEP",
    "alt_name": "KABUPATEN SUMENEP",
    "latitude": -7.11667,
    "longitude": 114.33333
  },
  {
    "id": "3571",
    "province_id": "35",
    "name": "KOTA KEDIRI",
    "alt_name": "KOTA KEDIRI",
    "latitude": -7.83333,
    "longitude": 112.01667
  },
  {
    "id": "3572",
    "province_id": "35",
    "name": "KOTA BLITAR",
    "alt_name": "KOTA BLITAR",
    "latitude": -8.1,
    "longitude": 112.16667
  },
  {
    "id": "3573",
    "province_id": "35",
    "name": "KOTA MALANG",
    "alt_name": "KOTA MALANG",
    "latitude": -7.975,
    "longitude": 112.63333
  },
  {
    "id": "3574",
    "province_id": "35",
    "name": "KOTA PROBOLINGGO",
    "alt_name": "KOTA PROBOLINGGO",
    "latitude": -7.78333,
    "longitude": 113.21667
  },
  {
    "id": "3575",
    "province_id": "35",
    "name": "KOTA PASURUAN",
    "alt_name": "KOTA PASURUAN",
    "latitude": -7.65,
    "longitude": 112.9
  },
  {
    "id": "3576",
    "province_id": "35",
    "name": "KOTA MOJOKERTO",
    "alt_name": "KOTA MOJOKERTO",
    "latitude": -7.46667,
    "longitude": 112.43333
  },
  {
    "id": "3577",
    "province_id": "35",
    "name": "KOTA MADIUN",
    "alt_name": "KOTA MADIUN",
    "latitude": -7.63333,
    "longitude": 111.53333
  },
  {
    "id": "3578",
    "province_id": "35",
    "name": "KOTA SURABAYA",
    "alt_name": "KOTA SURABAYA",
    "latitude": -7.26667,
    "longitude": 112.71667
  },
  {
    "id": "3579",
    "province_id": "35",
    "name": "KOTA BATU",
    "alt_name": "KOTA BATU",
    "latitude": -7.83272,
    "longitude": 112.53751
  },
  {
    "id": "3601",
    "province_id": "36",
    "name": "KABUPATEN PANDEGLANG",
    "alt_name": "KABUPATEN PANDEGLANG",
    "latitude": -6.63333,
    "longitude": 105.75
  },
  {
    "id": "3602",
    "province_id": "36",
    "name": "KABUPATEN LEBAK",
    "alt_name": "KABUPATEN LEBAK",
    "latitude": -6.65,
    "longitude": 106.21667
  },
  {
    "id": "3603",
    "province_id": "36",
    "name": "KABUPATEN TANGERANG",
    "alt_name": "KABUPATEN TANGERANG",
    "latitude": -6.2,
    "longitude": 106.46667
  },
  {
    "id": "3604",
    "province_id": "36",
    "name": "KABUPATEN SERANG",
    "alt_name": "KABUPATEN SERANG",
    "latitude": -6.15,
    "longitude": 106
  },
  {
    "id": "3671",
    "province_id": "36",
    "name": "KOTA TANGERANG",
    "alt_name": "KOTA TANGERANG",
    "latitude": -6.17944,
    "longitude": 106.62991
  },
  {
    "id": "3672",
    "province_id": "36",
    "name": "KOTA CILEGON",
    "alt_name": "KOTA CILEGON",
    "latitude": -6.01667,
    "longitude": 106.01667
  },
  {
    "id": "3673",
    "province_id": "36",
    "name": "KOTA SERANG",
    "alt_name": "KOTA SERANG",
    "latitude": -6.12563,
    "longitude": 106.14999
  },
  {
    "id": "3674",
    "province_id": "36",
    "name": "KOTA TANGERANG SELATAN",
    "alt_name": "KOTA TANGERANG SELATAN",
    "latitude": -6.29373,
    "longitude": 106.71244
  },
  {
    "id": "5101",
    "province_id": "51",
    "name": "KABUPATEN JEMBRANA",
    "alt_name": "KABUPATEN JEMBRANA",
    "latitude": -8.3,
    "longitude": 114.66667
  },
  {
    "id": "5102",
    "province_id": "51",
    "name": "KABUPATEN TABANAN",
    "alt_name": "KABUPATEN TABANAN",
    "latitude": -8.43333,
    "longitude": 115.06667
  },
  {
    "id": "5103",
    "province_id": "51",
    "name": "KABUPATEN BADUNG",
    "alt_name": "KABUPATEN BADUNG",
    "latitude": -8.51667,
    "longitude": 115.2
  },
  {
    "id": "5104",
    "province_id": "51",
    "name": "KABUPATEN GIANYAR",
    "alt_name": "KABUPATEN GIANYAR",
    "latitude": -8.46667,
    "longitude": 115.28333
  },
  {
    "id": "5105",
    "province_id": "51",
    "name": "KABUPATEN KLUNGKUNG",
    "alt_name": "KABUPATEN KLUNGKUNG",
    "latitude": -8.55,
    "longitude": 115.4
  },
  {
    "id": "5106",
    "province_id": "51",
    "name": "KABUPATEN BANGLI",
    "alt_name": "KABUPATEN BANGLI",
    "latitude": -8.28333,
    "longitude": 115.35
  },
  {
    "id": "5107",
    "province_id": "51",
    "name": "KABUPATEN KARANG ASEM",
    "alt_name": "KABUPATEN KARANG ASEM",
    "latitude": -8.3891,
    "longitude": 115.5393
  },
  {
    "id": "5108",
    "province_id": "51",
    "name": "KABUPATEN BULELENG",
    "alt_name": "KABUPATEN BULELENG",
    "latitude": -8.25,
    "longitude": 114.96667
  },
  {
    "id": "5171",
    "province_id": "51",
    "name": "KOTA DENPASAR",
    "alt_name": "KOTA DENPASAR",
    "latitude": -8.66667,
    "longitude": 115.21663
  }
]
